,roll,name,class,marks,age
0,1,Anil,TE,56.77,22.0
1,2,Amit,TE,59.77,21.0
2,3,Aniket,BE,76.88,19.0
3,4,Ajinkya,TE,69.66,20.0
4,5,Asha,TE,63.28,21.0
5,6,Ayesha,BE,67.75307692307693,20.0
6,7,Amar,BE,65.34,19.0
7,8,Amita,be,68.33,23.0
8,9,Amol,TE,56.75,20.0
10,10,Anmol,BE,78.66,21.0
11,11,Surbhi,TE,67.75307692307693,23.0
12,12,Sujay,TE,74.12,22.0
13,13,Subhash,be,88.45,21.0
14,14,Sachin,TE,59.33,21.0
15,15,Shalini,TE,63.45,20.0
